,Title
0,Citizen Kane
1,The Godfather
2,Rear Window
3,Casablanca
4,Boyhood
5,Three Colors: Red
6,Vertigo
7,Notorious
8,Singin' in the Rain
9,Moonlight
10,Pinocchio
11,Touch of Evil
12,The Treasure of the Sierra Madre
13,Pan's Labyrinth
14,North by Northwest
15,All About Eve
16,Hoop Dreams
17,My Left Foot
18,The Third Man
19,Dr. Strangelove or: How I Learned to Stop Worrying and Love the Bomb
20,Gone with the Wind
21,"4 Months, 3 Weeks and 2 Days"
22,Some Like It Hot
23,Psycho
24,American Graffiti
25,Dumbo
26,Roma
27,Ran
28,12 Angry Men
29,Manchester by the Sea
30,Rosemary's Baby
31,The Maltese Falcon
32,12 Years a Slave
33,Nashville
34,Ratatouille
35,A Streetcar Named Desire
36,The Grapes of Wrath
37,Mean Streets
38,Gravity
39,Fantasia
40,Spirited Away
41,The Wild Bunch
42,Beauty and the Beast
43,Carol
44,Toy Story
45,The Social Network
46,My Fair Lady
47,I Am Not Your Negro
48,Double Indemnity
49,Killer of Sheep
50,Snow White and the Seven Dwarfs
51,Anatomy of a Murder
52,Zero Dark Thirty
53,Portrait of a Lady on Fire
54,A Separation
55,WALL-E
56,Before Midnight
57,Dunkirk
58,The Man Who Shot Liberty Valance
59,The Searchers
60,45 Years
61,Taxi Driver
62,The Manchurian Candidate
63,Pulp Fiction
64,Mr. Turner
65,The Hurt Locker
66,The Wild Child
67,Amazing Grace
68,Shadow of a Doubt
69,Inside Out
70,Sideways
71,The Apartment
72,Apocalypse Now
73,The Gunfighter
74,We Were Here
75,Lady Bird
76,The Lord of the Rings: The Return of the King
77,Carlos
78,Faces Places
79,Amour
80,The Servant
81,The Magnificent Ambersons
82,Reversal of Fortune
83,Shoplifters
84,Shoah: Four Sisters
85,"Crouching Tiger, Hidden Dragon"
86,Duck Soup
87,Toni Erdmann
88,Yi Yi
89,Spotlight
90,La La Land
91,Stagecoach
92,Call Me by Your Name
93,Inside Llewyn Davis
94,Schindler's List
95,Sherpa
96,There Will Be Blood
97,Badlands
98,The Last Picture Show
99,Sita Sings the Blues
100,The Decline of Western Civilization
101,Days of Heaven
102,Crumb
103,The Band Wagon
104,One More Time with Feeling
105,The Diving Bell and the Butterfly
106,Invasion of the Body Snatchers
107,The Class
108,Platoon
109,35 Shots of Rum
110,Brother's Keeper
111,Chinatown
112,The Florida Project
113,Timbuktu
114,The Souvenir
115,Maborosi
116,Apocalypse Now Redux
117,Annie Hall
118,The Lord of the Rings: The Fellowship of the Ring
119,Intolerance
120,Leviathan
121,The Best Years of Our Lives
122,Werckmeister Harmonies
123,Toy Story 3
124,This Is Spinal Tap
125,The Look of Silence
126,Tower
127,The Rider
128,Moolaadé
129,Atanarjuat: The Fast Runner
130,The Lighthouse
131,Gavagai
132,The Man Who Would Be King
133,Breaking Away
134,After Life
135,Cool Hand Luke
136,The African Queen
137,The Triplets of Belleville
138,The Queen
139,All Quiet on the Western Front
140,A Bread Factory Part Two: Walk With Me a While
141,The Ladykillers
142,Young Mr. Lincoln
143,Stories We Tell
144,A Bread Factory Part One: For the Sake of Gold
145,On the Waterfront
146,Son of Saul
147,Jafar Panahi's Taxi
148,Beau Travail
149,Do the Right Thing
150,Waltz with Bashir
151,They Shall Not Grow Old
152,EX LIBRIS: The New York Public Library
153,Secrets & Lies
154,Patton
155,The Right Stuff
156,Bambi
157,Frankenstein
158,Bringing Up Baby
159,No Country for Old Men
160,The Gatekeepers
161,Nostalgia for the Light
162,Ida
163,Saving Private Ryan
164,After Hours
165,The Favourite
166,The Crying Game
167,Burning
168,13th
169,Winter's Bone
170,Gett: The Trial of Viviane Amsalem
171,I Called Him Morgan
172,Close Encounters of the Third Kind
173,The Godfather: Part II
174,The Hustler
175,L.A. Confidential
176,Bloody Sunday
177,My Voyage to Italy
178,Her
179,The Sweet Hereafter
180,Paths of the Soul
181,It's Such a Beautiful Day
182,My Perestroika
183,This Is Not a Film
184,Finding Nemo
185,Topsy-Turvy
186,Samurai Rebellion
187,King Kong
188,The Incredibles
189,Before Sunset
190,Being John Malkovich
191,A Prophet
192,Hard to Be a God
193,Almost Famous
194,Phantom Thread
195,Cold War
196,Big Men
197,American Splendor
198,Hannah and Her Sisters
199,The Circus
200,The Act of Killing
201,The Tale
202,Gosford Park
203,Dirty Harry
204,The Fits
205,United 93
206,Mad Max: Fury Road
207,Downhill Racer
208,Capturing the Friedmans
209,The Truman Show
210,American Hustle
211,Paterson
212,Star Wars: Episode IV - A New Hope
213,Persepolis
214,The Age of Innocence
215,Minding the Gap
216,Lost in Translation
217,The Best of Youth
218,The Overnighters
219,The Lives of Others
220,4 Little Girls
221,Two-Lane Blacktop
222,House of Flying Daggers
223,Searching for Bobby Fischer
224,Assault on Precinct 13
225,Man on Wire
226,Howards End
227,Eighth Grade
228,Force of Evil
229,Still Walking
230,Gangs of Wasseypur
231,The Last Detail
232,Borat: Cultural Learnings of America for Make Benefit Glorious Nation of Kazakhstan
233,Barry Lyndon
234,Elle
235,The Tale of The Princess Kaguya
236,Uncertain
237,"Two Days, One Night"
238,National Gallery
239,A Star Is Born
240,No End in Sight
241,It's a Wonderful Life
242,Long Day's Journey Into Night
243,The Madness of King George
244,Phoenix
245,One Cut of the Dead
246,Goodbye Solo
247,Western
248,Stop Making Sense
249,Deep Red
250,Alien
251,The Farewell
252,Night of the Living Dead
253,The Artist
254,Raging Bull
255,Eternal Sunshine of the Spotless Mind
256,The Piano
257,Goodfellas
258,Dead Souls
259,Zama
260,Blade Runner
261,High Noon
262,Letters from Iwo Jima
263,Parasite
264,Columbus
265,The Seventh Continent (1989)
266,A Woman Under the Influence
267,Once
268,The Arbor
269,Democrats
270,Selma
271,Ghost World
272,Brazil
273,Crime + Punishment
274,Y Tu Mamá También
275,Paddington 2
276,The Little Mermaid
277,Capote
278,The Death of Stalin
279,Strangers on a Train
280,Tulpan
281,Manuscripts Don't Burn
282,In Transit
283,Whiplash
284,"Three Billboards Outside Ebbing, Missouri"
285,Quest
286,A Film Unfinished
287,Things to Come
288,The Grand Budapest Hotel
289,Winter Sleep
290,A Star Is Born
291,Citizenfour
292,Time Out
293,The Blue Angel (re-release)
294,Thelma & Louise
295,Away from Her
296,The Fallen Idol (re-release)
297,Blue Is the Warmest Color
298,Foxtrot
299,Inside Job
300,Leave No Trace
301,Three Colors: White
302,Chicken Run
303,The King's Speech
304,Hell or High Water
305,Up
306,Once Upon a Time in... Hollywood
307,Shirkers
308,Quiz Show
309,45365
310,Tootsie
311,To Kill a Mockingbird
312,Aquarius
313,Anomalisa
314,Apollo 11
315,Toy Story 2
316,Black Panther
317,Brooklyn
318,Nobody Knows
319,Life Is Sweet
320,Mary Poppins
321,The Lord of the Rings: The Two Towers
322,L'Enfant (The Child)
323,Sweet Country
324,Jane Fonda in Five Acts
325,Newtown
326,Restless Creature: Wendy Whelan
327,Birdman or (The Unexpected Virtue of Ignorance)
328,Little Women
329,Poetry
330,Shakespeare in Love
331,Can You Ever Forgive Me?
332,It Happened One Night
333,The Missing Picture
334,"I Travel Because I Have to, I Come Back Because I Love You"
335,Superman II
336,Of Men and War
337,The Farthest
338,Gomorrah
339,To Be and to Have
340,Eraserhead
341,Medium Cool
342,Fire at Sea
343,The Fugitive
344,About Elly (2009)
345,The Bridge on the River Kwai
346,Goldfinger
347,One False Move
348,En el Séptimo Día (On the Seventh Day)
349,In Fabric
350,Jane
351,We Are the Best!
352,Spartacus
353,Back to the Future
354,If Beale Street Could Talk
355,My Journey Through French Cinema
356,Wallace & Gromit: The Curse of the Were-Rabbit
357,The Diary of a Teenage Girl
358,Elena
359,All Is Lost
360,Hereditary
361,Ordinary People
362,Listen to Me Marlon
363,Gideon's Army
364,Serpico (re-release)
365,Maria Full of Grace
366,Fateless
367,Happy as Lazzaro
368,The Fog of War: Eleven Lessons from the Life of Robert S. McNamara
369,Uncle Boonmee Who Can Recall His Past Lives
370,The Birds
371,Brokeback Mountain
372,Cemetery of Splendor
373,The Kid with a Bike
374,Spider-Man: Into the Spider-Verse
375,Harry Potter and the Deathly Hallows: Part 2
376,The Wicker Man
377,Rebel Without a Cause
378,Particle Fever
379,Tarnation
380,Murderball
381,Life Itself
382,The Shape of Water
383,Shine
384,Bisbee '17
385,Grizzly Man
386,Gregory Crewdson: Brief Encounters
387,Moneyball
388,The Autobiography of Nicolae Ceausescu
389,All About My Mother
390,The English Patient
391,The Great Escape
392,The Duke of Burgundy
393,My Golden Days
394,Love & Friendship
395,Force Majeure
396,Jaws
397,Marooned in Iraq
398,Diane
399,Russian Ark
400,Lincoln
401,An Elephant Sitting Still
402,Room
403,The Tillman Story
404,The Wind Will Carry Us
405,"sex, lies, and videotape"
406,Dog Day Afternoon
407,To Be or Not to Be
408,Like Water for Chocolate
409,Nebraska
410,Slumdog Millionaire
411,Stand Clear of the Closing Doors
412,Dreamcatcher
413,To Die For
414,The Deer Hunter
415,Million Dollar Baby
416,42: Forty Two Up
417,The Straight Story
418,Krisha
419,Cameraperson
420,The Babadook
421,Last Days in Vietnam
422,Little Men
423,The Kids Are All Right
424,Boys Don't Cry
425,Dead Ringers
426,Manakamana
427,Mission: Impossible – Fallout
428,Rushmore
429,Cave of Forgotten Dreams
430,My Neighbor Totoro
431,King of the Hill
432,The Red Turtle
433,My Happy Family
434,Chasing Coral
435,How to Survive a Plague
436,Easy Rider
437,Loveless
438,Ten
439,I'm Going Home
440,In the Bedroom
441,A Fantastic Woman
442,Barbara
443,Of Gods and Men
444,Rolling Thunder Revue: A Bob Dylan Story by Martin Scorsese
445,Museo
446,Nobody's Fool
447,Stranger Than Paradise
448,Bonnie and Clyde
449,Divine Love
450,The Beaches of Agnès
451,Das Boot
452,West Side Story
453,Deliver Us from Evil
454,Maidan
455,Drug War
456,The Great Beauty
457,The Odd Couple
458,The Big Sick
459,Argo
460,Our Daily Bread
461,The Umbrellas of Cherbourg (re-released)
462,Talk to Her
463,Under the Sand
464,Traffic
465,The Grifters
466,The Master
467,The Death of Mr. Lazarescu
468,The Wild Pear Tree
469,Nausicaä of the Valley of the Wind
470,Aladdin
471,Los Angeles Plays Itself
472,This Is England
473,City of Ghosts
474,Springtime in a Small Town
475,Sweet Sixteen
476,The Son
477,The Player
478,Ponyo
479,Black Mother
480,Strong Island
481,The Interrupters
482,Ernest & Célestine
483,Only Angels Have Wings
484,Baby Driver
485,Let the Fire Burn
486,American Beauty
487,Last Train Home
488,Andy Warhol: A Documentary Film
489,Persona
490,Beasts of the Southern Wild
491,The Double Life of Veronique
492,Flight of the Red Balloon
493,Say Anything...
494,Before Night Falls
495,Five Easy Pieces
496,From Here to Eternity
497,The Bourne Ultimatum
498,Raiders of the Lost Ark
499,Tea with the Dames
500,Take Shelter
501,The Salesman
502,The Pianist
503,Children Underground
504,You Can Count on Me
505,Boogie Nights
506,Blow Out
507,City of Life and Death
508,Song of the Sea
509,Amy
510,The Edge of Heaven
511,The Savages
512,Birds of Passage
513,Ilo Ilo
514,First Reformed
515,Lebanon
516,The Treasure
517,I Am Another You
518,Night Will Fall
519,The Endurance
520,Tangerine
521,Exit Through the Gift Shop
522,Girlhood
523,In the Mood for Love
524,Let's Get Lost
525,Offside
526,The Ornithologist
527,El Dorado
528,Sleeping Beauty
529,Tales of the Grim Sleeper
530,Knocked Up
531,"Distant Voices, Still Lives"
532,Turtles Can Fly
533,The Departed
534,April and the Extraordinary World
535,Festival Express
536,"Spring, Summer, Fall, Winter... and Spring"
537,An Education
538,Rat Film
539,Tinker Tailor Soldier Spy
540,Harakiri
541,Half Nelson
542,Vincere
543,Fargo
544,Street Fight
545,Unforgiven
546,Ash Is Purest White
547,Love and Diane
548,About Schmidt
549,Domestic Violence
550,Hero
551,The Fabulous Baker Boys
552,"Hale County This Morning, This Evening"
553,Neil Young: Heart of Gold
554,Mudbound
555,My Life as a Zucchini
556,The Silence of the Lambs
557,Hedwig and the Angry Inch
558,The Last Seduction
559,The Conversation
560,God's Own Country
561,Kaili Blues
562,The Intruder
563,Forbidden Lie$
564,Behemoth
565,The Sun
566,The Past
567,Cinderella
568,24 Hour Party People
569,Atonement
570,The Tree of Life
571,Alexandra
572,Star Wars: Episode VIII - The Last Jedi
573,The Host
574,The Departure
575,Starless Dreams
576,Restrepo
577,Summer Hours
578,Grisbi (re-release)
579,Out of Sight
580,Women on the Verge of a Nervous Breakdown
581,Support the Girls
582,The Iron Giant
583,Won't You Be My Neighbor?
584,Passing Strange
585,Meek's Cutoff
586,Three Colors: Blue
587,The Long Day Closes
588,Fruitvale Station
589,Carrie
590,Watchers of the Sky
591,From Russia with Love
592,Dawson City: Frozen Time
593,Since Otar Left
594,The Circle
595,Sound and Fury
596,Paragraph 175
597,Atlantic City
598,Holy Motors
599,The Work
600,Sling Blade
601,After the Storm
602,A Christmas Tale
603,An American in Paris
604,Giant
605,In the Shadow of the Moon
606,The Big Risk
607,Children of Men
608,Revanche
609,The Man Without a Past
610,American Movie
611,Moonrise Kingdom
612,BPM (Beats Per Minute)
613,Calle 54
614,Horse Money
615,Up the Yangtze
616,High Hopes
617,McQueen
618,The Black Stallion
619,The Handmaiden
620,Booksmart
621,Lantana
622,Séraphine
623,49 Up
624,Naked
625,Broadcast News
626,Harmonium
627,Kagemusha
628,Milk
629,Fireworks Wednesday (2006)
630,Heart of a Dog
631,Distant
632,Far From Heaven
633,Lagaan: Once Upon a Time in India
634,No Man's Land
635,The Remains of the Day
636,Prizzi's Honor
637,Aferim!
638,War Witch
639,Toy Story 4
640,Darwin's Nightmare
641,Aliens
642,My Winnipeg
643,Mystic River
644,"Oslo, August 31st"
645,Looper
646,Graduation
647,Kubo and the Two Strings
648,The Other Side of Hope
649,Momma's Man
650,Old Joy
651,Kings & Queen
652,Shrek
653,You Were Never Really Here
654,In the Name of the Father
655,Ballast
656,Volver
657,The Square
658,Widows
659,Love After Love
660,The Dark Knight
661,A Ghost Story
662,Homicide
663,Museum Hours
664,On Her Shoulders
665,The Insider
666,The Joy Luck Club
667,The Descendants
668,First Man
669,The Terminator
670,Before the Devil Knows You're Dead
671,Snowpiercer
672,Happy-Go-Lucky
673,Lassie
674,Under the Shadow
675,Get Out
676,Dave Chappelle's Block Party
677,Victor Victoria
678,The Quiet American
679,The Pinochet Case
680,The Day I Became a Woman
681,Sense and Sensibility
682,The Climb
683,Weiner
684,Stalag 17
685,Dallas Buyers Club
686,Iraq in Fragments
687,The Cove
688,Rocco and His Brothers (re-release)
689,The Last Black Man in San Francisco
690,Mutual Appreciation
691,Being There
692,The Waiting Room
693,Stray Dogs
694,Transit
695,13 Assassins
696,Dracula: Pages from a Virgin's Diary
697,Together
698,Boxing Gym
699,Guy and Madeline on a Park Bench
700,Crazy Heart
701,The Fool
702,Everybody Wants Some!!
703,De Palma
704,A Little Princess
705,Custody
706,Adaptation.
707,Fighter
708,The Snapper
709,Avatar
710,The Forbidden Room
711,Network
712,The Secret of the Grain
713,Trainspotting
714,Welcome to the Dollhouse
715,The Graduate
716,The Bad News Bears
717,Fantastic Mr. Fox
718,In the Loop
719,Bus 174
720,Osama
721,Amores Perros
722,The Gleaners & I
723,The Salt of the Earth
724,Glory
725,The Lion King
726,One Flew Over the Cuckoo's Nest
727,Office
728,Varda by Agnès
729,Chop Shop
730,Kiki's Delivery Service
731,Raising Victor Vargas
732,Who Framed Roger Rabbit
733,'71
734,The Guilty
735,Blackfish
736,The Witch
737,Juliet of the Spirits (re-release)
738,Corpse Bride
739,Project Nim
740,The Wind Rises
741,Neil Young Trunk Show
742,Spider-Man 2
743,20 Feet from Stardom
744,When We Were Kings
745,Kurt Cobain: Montage of Heck
746,20th Century Women
747,My Name Is Albert Ayler
748,Paranoid Park
749,Pina
750,Animal Kingdom
751,La Camioneta: The Journey of One American School Bus
752,Bullitt
753,Hugo 
754,Captain Phillips
755,The LEGO Movie
756,Gloria
757,Ixcanul
758,The Selfish Giant
759,The Day He Arrives
760,Hadewijch
761,Taxidermia
762,Drag Me to Hell
763,The King of Kong: A Fistful of Quarters
764,Spider
765,Moonstruck
766,Manhattan
767,Seymour: An Introduction
768,56 Up
769,Triad Election
770,Up in the Air
771,Roll Red Roll
772,Who We Are Now
773,Burning Bush
774,Enter the Dragon
775,Cutie and the Boxer
776,U2 3D
777,Vera Drake
778,Kill Bill: Vol. 2
779,The Apostle
780,Babe
781,Hidden
782,Private Life
783,BlacKkKlansman
784,Lake of Fire
785,Red Army
786,The Miracle Worker
787,Porco Rosso
788,The Post
789,The Flat
790,Mulholland Dr.
791,Blind
792,The Magdalene Sisters
793,Tyson
794,101 Dalmatians
795,Henry V
796,Being 17
797,The White Diamond
798,Free Solo
799,Trouble the Water
800,Mustang
801,James White
802,It Follows
803,Don't Think Twice
804,The Happiest Day in the Life of Olli Mäki
805,Sweeney Todd: The Demon Barber of Fleet Street
806,Charade
807,Court
808,"20,000 Days on Earth"
809,The Woman Who Left
810,We the Animals
811,Election
812,Creed
813,Local Hero
814,Monsieur Lazhar
815,Ava
816,Venus
817,Diner
818,Nowhere to Hide
819,The Second Mother
820,These Birds Walk
821,Rivers and Tides: Andy Goldsworthy Working with Time
822,Carmine Street Guitars
823,Ajami
824,Wrestle
825,Viola
826,127 Hours
827,Relaxer
828,Tell No One
829,The Illusionist
830,The Deep Blue Sea
831,The End of the Tour
832,Enron: The Smartest Guys in the Room
833,Forrest Gump
834,Ornette: Made in America (1985)
835,"Good Bye, Dragon Inn"
836,Safe Conduct
837,Leaving Las Vegas
838,War for the Planet of the Apes
839,Duma
840,The Constant Gardener
841,Short Term 12
842,Parenthood
843,Star Wars: Episode V - The Empire Strikes Back
844,Our Beloved Month of August
845,Sugar
846,Marwencol
847,The Wind That Shakes the Barley
848,Face/Off
849,The Lobster
850,The Nightmare Before Christmas
851,2001: A Space Odyssey
852,Pride & Prejudice
853,The Squid and the Whale
854,Winged Migration
855,Quince Tree of the Sun
856,The School of Rock
857,Life and Nothing More
858,Star Trek
859,A Quiet Place
860,Deliverance
861,Frances Ha
862,The Namesake
863,A Hijacking
864,In the Family
865,Hunger
866,Cold Comfort Farm
867,Dear Zachary: A Letter to a Son About His Father
868,Anvil! The Story of Anvil
869,The Trip
870,Harry Potter and the Prisoner of Azkaban
871,La Promesse (The Promise)
872,Our Time Will Come
873,Levitated Mass
874,Michael Clayton
875,Downfall
876,The Spectacular Now
877,Let the Right One In
878,Rams
879,Certified Copy
880,The Waldheim Waltz
881,The Celebration
882,Taxi to the Dark Side
883,Nuts!
884,The Love Witch
885,Marjorie Prime
886,Down and Out in Beverly Hills
887,Footnote
888,Steve Jobs
889,Marley
890,The White Ribbon
891,The Agronomist
892,Touching the Void
893,Three Kings
894,Rachel Getting Married
895,Certain Women
896,Le Havre
897,Araby
898,To Be Heard
899,Monos
900,Chicago
901,Embrace of the Serpent
902,Under African Skies
903,Sieranevada
904,Side by Side
905,Days of Glory
906,My Summer of Love
907,Isle of Dogs
908,Mountain
909,Approaching the Elephant
910,"Flamenco, Flamenco"
911,Archipelago
912,Mysteries of Lisbon
913,Mademoiselle Chambon
914,Burma VJ: Reporter i et lukket land
915,Memories of Murder
916,The Return
917,Lilya 4-Ever
918,Read My Lips
919,Get Shorty
920,Frozen River
921,Drugstore Cowboy
922,Heal the Living
923,Love Is Strange
924,The Girl Without Hands
925,Blow-Up
926,Tess
927,The Twilight Samurai
928,Concert for George
929,Late Marriage
930,Waking Life
931,One Day in September
932,Requiem
933,Neruda
934,Blancanieves
935,Once Upon a Time in Anatolia
936,John McEnroe: In the Realm of Perfection
937,Stranger by the Lake
938,Ten Canoes
939,Gilles' Wife
940,The Maid
941,Cowards Bend the Knee or The Blue Hands
942,Merci pour le Chocolat
943,The Filth and the Fury
944,A Simple Plan
945,"Sick: The Life & Death of Bob Flanagan, Supermasochist"
946,Eastern Promises
947,Sicario
948,George Washington
949,Stranded: I've Come from a Plane That Crashed on the Mountains
950,The Hate U Give
951,At Berkeley
952,Blade Runner 2049
953,Step
954,Experimenter
955,Eden
956,The Revolution Will Not Be Televised
957,A History of Violence
958,A Mighty Wind
959,The Damned United
960,Georgia
961,Western
962,Wadjda
963,Fresh
964,The Levelling
965,Arrival
966,Juno
967,Elena
968,Blue Valentine
969,Truman
970,Master and Commander: The Far Side of the World
971,Four Weddings and a Funeral
972,The Secret of Kells
973,Top Five
974,Pete Seeger: The Power of Song
975,Closet Monster
976,Katyn
977,Coming Home
978,Living in Oblivion
979,Coco
980,Locke
981,Bridge of Spies
982,Driving Miss Daisy
983,Shaun the Sheep Movie
984,White Material
985,The Station Agent
986,Foxcatcher
987,Dolores
988,"Arabian Nights: Volume 2, The Desolate One"
989,Twinsters
990,Beginners
991,Bamako
992,Autumn Tale
993,The China Syndrome
994,Bright Star
995,The Headless Woman
996,Halloween
997,Mandy
998,Wait Until Dark
999,Weekend
